<metadata xml:lang="en"><Esri><CreaDate>20230217</CreaDate><CreaTime>10360100</CreaTime><ArcGISFormat>1.0</ArcGISFormat><ArcGISstyle>FGDC CSDGM Metadata</ArcGISstyle><SyncOnce>FALSE</SyncOnce><DataProperties><itemProps><itemName Sync="TRUE">EDGE_GEOCODE_POSTSECSCH_2223</itemName><imsContentType Sync="TRUE">002</imsContentType><nativeExtBox><westBL Sync="TRUE">-170.742774</westBL><eastBL Sync="TRUE">171.378129</eastBL><southBL Sync="TRUE">-14.322636</southBL><northBL Sync="TRUE">71.324702</northBL><exTypeCode Sync="TRUE">1</exTypeCode></nativeExtBox><itemSize Sync="TRUE">0.182</itemSize><itemLocation><linkage Sync="TRUE">file://\\econ003app\g\GEOCODE\ASSIGN_2223\IPEDS\DATA\FINAL\EDGE_GEOCODE_POSTSECSCH_2223.shp</linkage><protocol Sync="TRUE">Local Area Network</protocol></itemLocation></itemProps><coordRef><type Sync="TRUE">Geographic</type><geogcsn Sync="TRUE">GCS_North_American_1983</geogcsn><csUnits Sync="TRUE">Angular Unit: Degree (0.017453)</csUnits><peXml Sync="TRUE">&lt;GeographicCoordinateSystem xsi:type='typens:GeographicCoordinateSystem' xmlns:xsi='http://www.w3.org/2001/XMLSchema-instance' xmlns:xs='http://www.w3.org/2001/XMLSchema' xmlns:typens='http://www.esri.com/schemas/ArcGIS/10.8'&gt;&lt;WKT&gt;GEOGCS[&amp;quot;GCS_North_American_1983&amp;quot;,DATUM[&amp;quot;D_North_American_1983&amp;quot;,SPHEROID[&amp;quot;GRS_1980&amp;quot;,6378137.0,298.257222101]],PRIMEM[&amp;quot;Greenwich&amp;quot;,0.0],UNIT[&amp;quot;Degree&amp;quot;,0.0174532925199433],AUTHORITY[&amp;quot;EPSG&amp;quot;,4269]]&lt;/WKT&gt;&lt;XOrigin&gt;-400&lt;/XOrigin&gt;&lt;YOrigin&gt;-400&lt;/YOrigin&gt;&lt;XYScale&gt;11258999068426.238&lt;/XYScale&gt;&lt;ZOrigin&gt;-100000&lt;/ZOrigin&gt;&lt;ZScale&gt;10000&lt;/ZScale&gt;&lt;MOrigin&gt;-100000&lt;/MOrigin&gt;&lt;MScale&gt;10000&lt;/MScale&gt;&lt;XYTolerance&gt;8.983152841195215e-09&lt;/XYTolerance&gt;&lt;ZTolerance&gt;0.001&lt;/ZTolerance&gt;&lt;MTolerance&gt;0.001&lt;/MTolerance&gt;&lt;HighPrecision&gt;true&lt;/HighPrecision&gt;&lt;LeftLongitude&gt;-180&lt;/LeftLongitude&gt;&lt;WKID&gt;4269&lt;/WKID&gt;&lt;LatestWKID&gt;4269&lt;/LatestWKID&gt;&lt;/GeographicCoordinateSystem&gt;</peXml></coordRef></DataProperties><SyncDate>20230217</SyncDate><SyncTime>10363600</SyncTime><ModDate>20230217</ModDate><ModTime>11125700</ModTime><scaleRange><minScale>150000000</minScale><maxScale>5000</maxScale></scaleRange><ArcGISProfile>FGDC</ArcGISProfile></Esri><dataIdInfo><envirDesc Sync="TRUE"> Version 6.2 (Build 9200) ; Esri ArcGIS 10.9.1.28388</envirDesc><dataLang><languageCode value="eng" Sync="TRUE"/><countryCode value="USA" Sync="TRUE"/></dataLang><idCitation xmlns=""><resTitle Sync="TRUE">EDGE_GEOCODE_POSTSECSCH_2223</resTitle><presForm xmlns=""><PresFormCd value="005" Sync="TRUE"/></presForm><citRespParty xmlns=""><rpIndName>Douglas Geverdt</rpIndName><rpOrgName>National Center for Education Statistics</rpOrgName><rpPosName>Administrative Data Division</rpPosName><role><RoleCd value="006"/></role><rpCntInfo xmlns=""><cntAddress addressType="postal"><delPoint>550 12th St SW, #4038</delPoint><city>Washington</city><adminArea>DC</adminArea><postCode>20202</postCode><eMailAdd>Douglas.Geverdt@ed.gov</eMailAdd><country>US</country></cntAddress><cntPhone><voiceNum tddtty="">202-245-8230</voiceNum></cntPhone></rpCntInfo></citRespParty></idCitation><spatRpType><SpatRepTypCd value="001" Sync="TRUE"/></spatRpType><dataExt xmlns=""><geoEle xmlns=""><GeoBndBox esriExtentType="search"><exTypeCode Sync="TRUE">1</exTypeCode><westBL Sync="TRUE">-170.742774</westBL><eastBL Sync="TRUE">171.378129</eastBL><northBL Sync="TRUE">71.324702</northBL><southBL Sync="TRUE">-14.322636</southBL></GeoBndBox></geoEle></dataExt><idPurp>Point locations of postsecondary schools from the 2022-2023 Integrated Postsecondary Education Data System (IPEDS) created by the National Center for Education Statistics' (NCES) Education Demographic and Geographic Estimates (EDGE) program.</idPurp><idAbs>&lt;DIV STYLE="text-align:Left;"&gt;&lt;DIV&gt;&lt;DIV&gt;&lt;P&gt;&lt;SPAN&gt;&lt;SPAN&gt;The National Center for Education Statistics' (NCES) Education Demographic and Geographic Estimate (EDGE) program develops annually updated point locations (latitude and longitude) for postsecondary institutions included in the NCES Integrated Postsecondary Education Data System (IPEDS). The IPEDS program annually collects information about enrollments, program completions, graduation rates, faculty and staff, finances, institutional prices, and student financial aid from every college, university, and technical and vocational institution that participates in federal student financial aid programs under the Higher Education Act of 1965 (as amended). IPEDS school point locations are derived from reported information about the physical location of schools. The NCES EDGE program collaborates with the U.S. Census Bureau's Education Demographic, Geographic, and Economic Statistics (EDGE) Branch to develop point locations for schools reported in the annual IPEDS file. The point locations in this data layer were developed from the 2022-2023 IPEDS collection. For more information about NCES school point data, see: https://nces.ed.gov/programs/edge/Geographic/SchoolLocations.&lt;/SPAN&gt;&lt;/SPAN&gt;&lt;/P&gt;&lt;P&gt;&lt;SPAN&gt;All information contained in this file is in the public domain. Data users are advised to review NCES program documentation and feature class metadata to understand the limitations and appropriate use of these data.&lt;/SPAN&gt;&lt;/P&gt;&lt;/DIV&gt;&lt;/DIV&gt;&lt;/DIV&gt;</idAbs><idCredit>NCES EDGE</idCredit><searchKeys><keyword>Integrated Postsecondary Education Data Systems</keyword><keyword>IPEDS</keyword><keyword>National Center for Education Statistics</keyword><keyword>NCES</keyword><keyword>Postsecondary Insitution Locations</keyword><keyword>U.S. Census Bureau</keyword><keyword>Education Demographic and Geographic Estimates Program</keyword><keyword>EDGE</keyword><keyword>Points</keyword><keyword>United States</keyword><keyword>Education</keyword><keyword>Schools</keyword></searchKeys><resConst><Consts><useLimit>&lt;DIV STYLE="text-align:Left;"&gt;&lt;DIV&gt;&lt;DIV&gt;&lt;P&gt;&lt;SPAN&gt;https://www.usa.gov/publicdomain/label/1.0/&lt;/SPAN&gt;&lt;/P&gt;&lt;/DIV&gt;&lt;/DIV&gt;&lt;/DIV&gt;</useLimit></Consts></resConst><dataChar><CharSetCd value="004"/></dataChar><idStatus><ProgCd value="004"/></idStatus><dataExt xmlns=""><exDesc>School year 2022-2023</exDesc><tempEle><TempExtent><exTemp><TM_Period xmlns=""><tmBegin>2022-07-15T00:00:00</tmBegin><tmEnd>2023-07-14T00:00:00</tmEnd></TM_Period></exTemp></TempExtent></tempEle></dataExt><resMaint xmlns=""><maintFreq><MaintFreqCd value="008"/></maintFreq><maintCont xmlns=""><rpIndName>Douglas Geverdt</rpIndName><rpOrgName>National Center for Education Statistics</rpOrgName><rpPosName>Administrative Data Division</rpPosName><role><RoleCd value="006"/></role><rpCntInfo><cntAddress addressType="postal"><delPoint>550 12th St SW, #4038</delPoint><city>Washington</city><adminArea>DC</adminArea><postCode>20202</postCode><eMailAdd>Douglas.Geverdt@ed.gov</eMailAdd><country>US</country></cntAddress><cntPhone><voiceNum tddtty="">202-245-8230</voiceNum></cntPhone></rpCntInfo><displayName>Douglas Geverdt</displayName></maintCont></resMaint></dataIdInfo><mdLang><languageCode value="eng" Sync="TRUE"/><countryCode value="USA" Sync="TRUE"/></mdLang><mdChar><CharSetCd value="004" Sync="TRUE"/></mdChar><distInfo><distFormat><formatName Sync="TRUE">Shapefile</formatName></distFormat><distTranOps><transSize Sync="TRUE">0.182</transSize></distTranOps></distInfo><mdHrLv><ScopeCd value="005" Sync="TRUE"/></mdHrLv><mdHrLvName Sync="TRUE">dataset</mdHrLvName><refSysInfo><RefSystem><refSysID><identCode code="4269" Sync="TRUE"/><idCodeSpace Sync="TRUE">EPSG</idCodeSpace><idVersion Sync="TRUE">6.5(3.0.1)</idVersion></refSysID></RefSystem></refSysInfo><spatRepInfo><VectSpatRep><geometObjs Name="EDGE_GEOCODE_POSTSECSCH_2223"><geoObjTyp><GeoObjTypCd value="004" Sync="TRUE"/></geoObjTyp><geoObjCnt Sync="TRUE">6812</geoObjCnt></geometObjs><topLvl><TopoLevCd value="001" Sync="TRUE"/></topLvl></VectSpatRep></spatRepInfo><spdoinfo><ptvctinf><esriterm Name="EDGE_GEOCODE_POSTSECSCH_2223"><efeatyp Sync="TRUE">Simple</efeatyp><efeageom code="1" Sync="TRUE"/><esritopo Sync="TRUE">FALSE</esritopo><efeacnt Sync="TRUE">6812</efeacnt><spindex Sync="TRUE">TRUE</spindex><linrefer Sync="TRUE">FALSE</linrefer></esriterm></ptvctinf></spdoinfo><eainfo><detailed Name="EDGE_GEOCODE_POSTSECSCH_2223" xmlns=""><enttyp><enttypl Sync="TRUE">EDGE_GEOCODE_POSTSECSCH_2223</enttypl><enttypt Sync="TRUE">Feature Class</enttypt><enttypc Sync="TRUE">6812</enttypc><enttypd>Post-secondary schools participating in FAFSA for the 2022-2023 school year</enttypd><enttypds>National Center for Education Statistics</enttypds></enttyp><attr xmlns=""><attrlabl Sync="TRUE">FID</attrlabl><attalias Sync="TRUE">FID</attalias><attrtype Sync="TRUE">OID</attrtype><attwidth Sync="TRUE">4</attwidth><atprecis Sync="TRUE">0</atprecis><attscale Sync="TRUE">0</attscale><attrdef Sync="TRUE">Internal feature number.</attrdef><attrdefs Sync="TRUE">Esri</attrdefs><attrdomv><udom Sync="TRUE">Sequential unique whole numbers that are automatically generated.</udom></attrdomv></attr><attr xmlns=""><attrlabl Sync="TRUE">Shape</attrlabl><attalias Sync="TRUE">Shape</attalias><attrtype Sync="TRUE">Geometry</attrtype><attwidth Sync="TRUE">0</attwidth><atprecis Sync="TRUE">0</atprecis><attscale Sync="TRUE">0</attscale><attrdef Sync="TRUE">Feature geometry.</attrdef><attrdefs Sync="TRUE">Esri</attrdefs><attrdomv><udom Sync="TRUE">Coordinates defining the features.</udom></attrdomv></attr><attr xmlns=""><attrlabl Sync="TRUE">UNITID</attrlabl><attalias Sync="TRUE">UNITID</attalias><attrtype Sync="TRUE">String</attrtype><attwidth Sync="TRUE">8</attwidth><atprecis Sync="TRUE">0</atprecis><attscale Sync="TRUE">0</attscale><attrdef>Unique Identification Number for the institution</attrdef><attrdefs>National Center for Education Statistics</attrdefs><attrdomv><udom>These IDs are 6-8 digit numbers assigned by the National Center for Education Statistics</udom></attrdomv></attr><attr xmlns=""><attrlabl Sync="TRUE">NAME</attrlabl><attalias Sync="TRUE">NAME</attalias><attrtype Sync="TRUE">String</attrtype><attwidth Sync="TRUE">93</attwidth><atprecis Sync="TRUE">0</atprecis><attscale Sync="TRUE">0</attscale><attrdef>School name</attrdef><attrdefs>School</attrdefs><attrdomv><udom>This data is represented as reported in IPEDS, and as such does not necessarily fall into any particular specified domain.</udom></attrdomv></attr><attr xmlns=""><attrlabl Sync="TRUE">STREET</attrlabl><attalias Sync="TRUE">STREET</attalias><attrtype Sync="TRUE">String</attrtype><attwidth Sync="TRUE">73</attwidth><atprecis Sync="TRUE">0</atprecis><attscale Sync="TRUE">0</attscale><attrdef>Reported address</attrdef><attrdefs>National Center for Education Statistics</attrdefs><attrdomv><udom>This data is represented as reported in IPEDS, and as such does not necessarily fall into any particular specified domain.</udom></attrdomv></attr><attr xmlns=""><attrlabl Sync="TRUE">CITY</attrlabl><attalias Sync="TRUE">CITY</attalias><attrtype Sync="TRUE">String</attrtype><attwidth Sync="TRUE">23</attwidth><atprecis Sync="TRUE">0</atprecis><attscale Sync="TRUE">0</attscale><attrdef>Reported city</attrdef><attrdefs>National Center for Education Statistics</attrdefs><attrdomv><udom>This data is represented as reported in IPEDS, and as such does not necessarily fall into any particular specified domain.</udom></attrdomv></attr><attr xmlns=""><attrlabl Sync="TRUE">STATE</attrlabl><attalias Sync="TRUE">STATE</attalias><attrtype Sync="TRUE">String</attrtype><attwidth Sync="TRUE">2</attwidth><atprecis Sync="TRUE">0</atprecis><attscale Sync="TRUE">0</attscale><attrdef>Reported state</attrdef><attrdefs>National Center for Education Statistics</attrdefs><attrdomv><udom>This data is represented as reported in IPEDS and is not corrected by EDGE if it falls outside of the universe of United States state and territory codes.</udom></attrdomv></attr><attr xmlns=""><attrlabl Sync="TRUE">ZIP</attrlabl><attalias Sync="TRUE">ZIP</attalias><attrtype Sync="TRUE">String</attrtype><attwidth Sync="TRUE">10</attwidth><atprecis Sync="TRUE">0</atprecis><attscale Sync="TRUE">0</attscale><attrdef>Reported ZIP code</attrdef><attrdefs>National Center for Education Statistics</attrdefs><attrdomv><udom>This data is represented as reported in IPEDS and is not corrected by EDGE if it falls outside of the universe of United States ZIP codes.</udom></attrdomv></attr><attr xmlns=""><attrlabl Sync="TRUE">STFIP</attrlabl><attalias Sync="TRUE">STFIP</attalias><attrtype Sync="TRUE">String</attrtype><attwidth Sync="TRUE">2</attwidth><atprecis Sync="TRUE">0</atprecis><attscale Sync="TRUE">0</attscale><attrdef>Location State FIPS Code</attrdef><attrdefs>US Census Bureau</attrdefs><attrdomv><codesetd xmlns=""><codesetn>National Standard Codes (ANSI INCITS 38-2009), Federal Information Processing Series (FIPS) - States/State Equivalent</codesetn><codesets>US Census Bureau</codesets></codesetd></attrdomv></attr><attr xmlns=""><attrlabl Sync="TRUE">CNTY</attrlabl><attalias Sync="TRUE">CNTY</attalias><attrtype Sync="TRUE">String</attrtype><attwidth Sync="TRUE">5</attwidth><atprecis Sync="TRUE">0</atprecis><attscale Sync="TRUE">0</attscale><attrdef>County FIPS</attrdef><attrdefs>US Census Bureau</attrdefs><attrdomv><codesetd xmlns=""><codesetn>National Standard Codes (ANSI INCITS 31-2009), Federal Information Processing Series (FIPS) - Counties/County Equivalents</codesetn><codesets>US Census Bureau</codesets></codesetd></attrdomv></attr><attr xmlns=""><attrlabl Sync="TRUE">NMCNTY</attrlabl><attalias Sync="TRUE">NMCNTY</attalias><attrtype Sync="TRUE">String</attrtype><attwidth Sync="TRUE">100</attwidth><atprecis Sync="TRUE">0</atprecis><attscale Sync="TRUE">0</attscale><attrdef>Current name and the translated legal/statistical area description for county</attrdef><attrdefs>US Census Bureau</attrdefs><attrvai><attrva>The NMCNTY attribute is a concatenation of the county name followed by the translated legal/statistical area description.</attrva></attrvai><attrdomv><codesetd xmlns=""><codesetn>National Standard Codes (ANSI INCITS 31-2009), Federal Information Processing Series (FIPS) - Counties/County Equivalents</codesetn><codesets>US Census Bureau</codesets></codesetd></attrdomv></attr><attr xmlns=""><attrlabl Sync="TRUE">LOCALE</attrlabl><attalias Sync="TRUE">LOCALE</attalias><attrtype Sync="TRUE">String</attrtype><attwidth Sync="TRUE">2</attwidth><atprecis Sync="TRUE">0</atprecis><attscale Sync="TRUE">0</attscale><attrdef>NCES Locale Code</attrdef><attrdefs>National Center for Education Statistics, U.S. Census Bureau</attrdefs><attrdomv><edom xmlns=""><edomv>11</edomv><edomvd>City, Large</edomvd><edomvds>National Center for Education Statistics</edomvds></edom><edom xmlns=""><edomv>12</edomv><edomvd>City, Midsize</edomvd><edomvds>National Center for Education Statistics</edomvds></edom><edom xmlns=""><edomv>13</edomv><edomvd>City, Small</edomvd><edomvds>National Center for Education Statistics</edomvds></edom><edom xmlns=""><edomv>21</edomv><edomvd>Suburban, Large</edomvd><edomvds>National Center for Education Statistics</edomvds></edom><edom xmlns=""><edomv>22</edomv><edomvd>Suburban, Midsize</edomvd><edomvds>National Center for Education Statistics</edomvds></edom><edom xmlns=""><edomv>23</edomv><edomvd>Suburban, Small</edomvd><edomvds>National Center for Education Statistics</edomvds></edom><edom xmlns=""><edomv>31</edomv><edomvd>Town, Fringe</edomvd><edomvds>National Center for Education Statistics</edomvds></edom><edom xmlns=""><edomv>32</edomv><edomvd>Town, Distant</edomvd><edomvds>National Center for Education Statistics</edomvds></edom><edom xmlns=""><edomv>33</edomv><edomvd>Town, Remote</edomvd><edomvds>National Center for Education Statistics</edomvds></edom><edom xmlns=""><edomv>41</edomv><edomvd>Rural, Fringe</edomvd><edomvds>National Center for Education Statistics</edomvds></edom><edom xmlns=""><edomv>42</edomv><edomvd>Rural, Distant</edomvd><edomvds>National Center for Education Statistics</edomvds></edom><edom xmlns=""><edomv>43</edomv><edomvd>Rural, Remote</edomvd><edomvds>National Center for Education Statistics</edomvds></edom></attrdomv></attr><attr xmlns=""><attrlabl Sync="TRUE">LAT</attrlabl><attalias Sync="TRUE">LAT</attalias><attrtype Sync="TRUE">Double</attrtype><attwidth Sync="TRUE">10</attwidth><atprecis Sync="TRUE">9</atprecis><attscale Sync="TRUE">6</attscale><attrdef>Latitude of school location</attrdef><attrdefs>US Census Bureau</attrdefs><attrdomv><rdom xmlns=""><rdommin>-90</rdommin><rdommax>90</rdommax></rdom></attrdomv></attr><attr xmlns=""><attrlabl Sync="TRUE">LON</attrlabl><attalias Sync="TRUE">LON</attalias><attrtype Sync="TRUE">Double</attrtype><attwidth Sync="TRUE">11</attwidth><atprecis Sync="TRUE">10</atprecis><attscale Sync="TRUE">6</attscale><attrdef>Longitude of school location</attrdef><attrdefs>US Census Bureau</attrdefs><attrdomv><rdom xmlns=""><rdommin>-180</rdommin><rdommax>180</rdommax></rdom></attrdomv></attr><attr xmlns=""><attrlabl Sync="TRUE">CBSA</attrlabl><attalias Sync="TRUE">CBSA</attalias><attrtype Sync="TRUE">String</attrtype><attwidth Sync="TRUE">5</attwidth><atprecis Sync="TRUE">0</atprecis><attscale Sync="TRUE">0</attscale><attrdef>Current metropolitan/micropolitan statistical area code</attrdef><attrdefs>Office of Management and Budget</attrdefs><attrvai><attrva>A value of N indicates that the school is not in a CBSA</attrva></attrvai><attrdomv><rdom xmlns=""><rdommin>10000</rdommin><rdommax>49999</rdommax></rdom></attrdomv></attr><attr xmlns=""><attrlabl Sync="TRUE">NMCBSA</attrlabl><attalias Sync="TRUE">NMCBSA</attalias><attrtype Sync="TRUE">String</attrtype><attwidth Sync="TRUE">100</attwidth><atprecis Sync="TRUE">0</atprecis><attscale Sync="TRUE">0</attscale><attrdef>Current metropolitan/micropolitan statistical area name</attrdef><attrdefs>Office of Management and Budget</attrdefs><attrvai><attrva>A value of N indicates that the school is not located in a CBSA</attrva></attrvai><attrdomv><udom>CBSA names are defined by the Office of Management and Budget and updated periodically</udom></attrdomv></attr><attr xmlns=""><attrlabl Sync="TRUE">CBSATYPE</attrlabl><attalias Sync="TRUE">CBSATYPE</attalias><attrtype Sync="TRUE">String</attrtype><attwidth Sync="TRUE">1</attwidth><atprecis Sync="TRUE">0</atprecis><attscale Sync="TRUE">0</attscale><attrdef>Current metropolitan/micropolitan status indicator</attrdef><attrdefs>US Census Bureau</attrdefs><attrdomv><edom xmlns=""><edomv>1</edomv><edomvd>Metropolitan</edomvd><edomvds>US Census Bureau</edomvds></edom><edom xmlns=""><edomv>2</edomv><edomvd>Micropolitan</edomvd><edomvds>US Census Bureau</edomvds></edom><edom xmlns=""><edomv>0</edomv><edomvd>Not in a CBSA</edomvd><edomvds>US Census Bureau</edomvds></edom></attrdomv></attr><attr xmlns=""><attrlabl Sync="TRUE">CSA</attrlabl><attalias Sync="TRUE">CSA</attalias><attrtype Sync="TRUE">String</attrtype><attwidth Sync="TRUE">3</attwidth><atprecis Sync="TRUE">0</atprecis><attscale Sync="TRUE">0</attscale><attrdef>Current combined statistical area code</attrdef><attrdefs>Office of Management and Budget</attrdefs><attrvai><attrva>A value of N indicates that the school is not located in a CSA</attrva></attrvai><attrdomv><rdom xmlns=""><rdommin>100</rdommin><rdommax>599</rdommax></rdom></attrdomv></attr><attr xmlns=""><attrlabl Sync="TRUE">NMCSA</attrlabl><attalias Sync="TRUE">NMCSA</attalias><attrtype Sync="TRUE">String</attrtype><attwidth Sync="TRUE">100</attwidth><atprecis Sync="TRUE">0</atprecis><attscale Sync="TRUE">0</attscale><attrdef>Current combined statistical area name</attrdef><attrdefs>Office of Management and Budget</attrdefs><attrvai><attrva>A value of N indicates that the school is not located in a CSA</attrva></attrvai><attrdomv><udom>CSA names are defined by the Office of Management and Budget and updated periodically</udom></attrdomv></attr><attr xmlns=""><attrlabl Sync="TRUE">CD</attrlabl><attalias Sync="TRUE">CD</attalias><attrtype Sync="TRUE">String</attrtype><attwidth Sync="TRUE">4</attwidth><atprecis Sync="TRUE">0</atprecis><attscale Sync="TRUE">0</attscale><attrdef>116th Congressional District identifier, a concatenation of state FIPS code and the 116th Congressional District FIPS code</attrdef><attrdefs>US Census Bureau</attrdefs><attrvai><attrva>A value of N indicates that Congressional District is Not Applicable for this school</attrva></attrvai><attrdomv><codesetd xmlns=""><codesetn>The CD attribute is a concatenation of the state FIPS code followed by the CD FIPS code. No spaces are allowed between the two codes. The State FIPS code is taken from "National Standard Codes (ANSI INCITS 38-2009), Federal Information Processing Series (FIPS) - States." The CD FIPS code is taken from "National Standard Codes (ANSI INCITS 455-2009), Federal Information Processing Series (FIPS) - Congressional Districts."</codesetn><codesets>US Census Bureau</codesets></codesetd></attrdomv></attr><attr xmlns=""><attrlabl Sync="TRUE">SLDL</attrlabl><attalias Sync="TRUE">SLDL</attalias><attrtype Sync="TRUE">String</attrtype><attwidth Sync="TRUE">5</attwidth><atprecis Sync="TRUE">0</atprecis><attscale Sync="TRUE">0</attscale><attrdef>State legislative district (lower chamber) identifier, a concatenation of state FIPS code and the SLDL code</attrdef><attrdefs>US Census Bureau</attrdefs><attrvai><attrva>A value of N indicates that SLDL is Not Applicable for this school</attrva></attrvai><attrdomv><codesetd xmlns=""><codesetn>The SLDL attribute is a concatenation of the state FIPS code followed by the SLDL code. The state FIPS code is taken from "National Standard Codes (ANSI INCITS 38-2009), Federal Information Processing Series (FIPS) - States." The SLDL code consists of any ASCII alphabetic or numeric character combination plus hyphens. A code of ZZZ represents a state legislative district (lower chamber) that has not been defined.</codesetn><codesets>US Census Bureau</codesets></codesetd></attrdomv></attr><attr xmlns=""><attrlabl Sync="TRUE">SLDU</attrlabl><attalias Sync="TRUE">SLDU</attalias><attrtype Sync="TRUE">String</attrtype><attwidth Sync="TRUE">5</attwidth><atprecis Sync="TRUE">0</atprecis><attscale Sync="TRUE">0</attscale><attrdef>State legislative district (upper chamber) identifier, a concatenation of state FIPS code and the SLDU code</attrdef><attrdefs>US Census Bureau</attrdefs><attrvai><attrva>A value of N indicates that SLDU is Not Applicable for this school</attrva></attrvai><attrdomv><codesetd xmlns=""><codesetn>The SLDU attribute is a concatenation of the state FIPS code followed by the SLDU code. The state FIPS code is taken from "National Standard Codes (ANSI INCITS 38-2009), Federal Information Processing Series (FIPS) - States." The SLDU code consists of any ASCII alphabetic or numeric character combination plus hyphens. A code of ZZZ represents a state legislative district (upper chamber) that has not been defined.</codesetn><codesets>US Census Bureau</codesets></codesetd></attrdomv></attr><attr xmlns=""><attrlabl Sync="TRUE">SCHOOLYEAR</attrlabl><attalias Sync="TRUE">SCHOOLYEAR</attalias><attrtype Sync="TRUE">String</attrtype><attwidth Sync="TRUE">9</attwidth><atprecis Sync="TRUE">0</atprecis><attscale Sync="TRUE">0</attscale><attrdef>School academic year</attrdef><attrdefs>National Center for Education Statistics</attrdefs><attrdomv><edom xmlns=""><edomv>2022-2023</edomv><edomvd>2022-2023 School Year</edomvd><edomvds>National Center for Education Statistics</edomvds></edom></attrdomv></attr></detailed></eainfo><mdDateSt Sync="TRUE">20230217</mdDateSt><mdMaint xmlns=""><maintFreq><MaintFreqCd value="008"/></maintFreq><maintCont xmlns=""><rpIndName>Douglas Geverdt</rpIndName><rpOrgName>National Center for Education Statistics</rpOrgName><rpPosName>Administrative Data Division</rpPosName><role><RoleCd value="006"/></role><rpCntInfo><cntAddress addressType="postal"><delPoint>550 12th St SW, #4038</delPoint><city>Washington</city><adminArea>DC</adminArea><postCode>20202</postCode><eMailAdd>Douglas.Geverdt@ed.gov</eMailAdd><country>US</country></cntAddress><cntPhone><voiceNum tddtty="">202-245-8230</voiceNum></cntPhone></rpCntInfo><displayName>Douglas Geverdt</displayName></maintCont></mdMaint><dqInfo xmlns=""><dqScope><scpLvl><ScopeCd value="005"/></scpLvl></dqScope><report type="DQConcConsis" dimension="" xmlns=""><measDesc>EDGE performed automated tests to ensure logical consistency and limits of the shapefiles. Standard geographic codes, such as FIPS codes for states, counties, state legislative districts, and congressional districts are used when encoding spatial entities. EDGE performed spatial data tests for logical consistency of the codes during the creation of the shapefiles. Most of the codes for geographic entities except states, counties, Core Based Statistical Areas (CBSAs), Combined Statistical Areas (CSAs), state legislative districts, and congressional districts were provided to the Census Bureau by the USGS, the agency responsible for maintaining the Geographic Names Information System (GNIS). Feature attribute information has been examined but has not been fully tested for consistency.</measDesc></report><report type="DQCompOm" dimension="" xmlns=""><measDesc>Data completeness of the IPEDS school shapefile reflects the contents of the IPEDS universe at the time the shapefile was created.</measDesc></report><dataLineage><prcStep xmlns=""><stepDesc>Run SAS scripts to perform spatial data tests for logical consistency of the codes during the creation of the shapefiles.</stepDesc><stepDateTm>2023-02-17T00:00:00</stepDateTm><stepProc xmlns=""><rpIndName>Douglas Geverdt</rpIndName><rpOrgName>National Center for Education Statistics</rpOrgName><rpPosName>Administrative Data Division</rpPosName><role><RoleCd value="006"/></role><rpCntInfo><cntAddress addressType="postal"><delPoint>550 12th St SW, #4038</delPoint><city>Washington</city><adminArea>DC</adminArea><postCode>20202</postCode><eMailAdd>Douglas.Geverdt@ed.gov</eMailAdd><country>US</country></cntAddress><cntPhone><voiceNum tddtty="">202-245-8230</voiceNum></cntPhone></rpCntInfo><displayName>Douglas Geverdt</displayName></stepProc></prcStep></dataLineage></dqInfo><mdContact xmlns=""><rpIndName>Douglas Geverdt</rpIndName><rpOrgName>National Center for Education Statistics</rpOrgName><rpPosName>Administrative Data Division</rpPosName><role><RoleCd value="006"/></role><rpCntInfo><cntAddress addressType="postal"><delPoint>550 12th St SW, #4038</delPoint><city>Washington</city><adminArea>DC</adminArea><postCode>20202</postCode><eMailAdd>Douglas.Geverdt@ed.gov</eMailAdd><country>US</country></cntAddress><cntPhone><voiceNum tddtty="">202-245-8230</voiceNum></cntPhone></rpCntInfo><editorSave>False</editorSave><displayName>Douglas Geverdt</displayName></mdContact></metadata>
